,STOCKS,CLOSE,RSI,MA50,BOLLINGER_HIGH,BOLLINGER_LOW,RSI_BUY_LEVEL,RSI_SELL_LEVEL,RSI_BUY_LIKELIHOOD,BOLLINGER_BUY_LIKELIHOOD
0,AARTIIND.NS,488.6000061035156,32.27249268413297,640.3279998779296,784.976981031675,478.9230220200827,33.44470588235294,69.24000000000001,0.03504929008326212,-0.020205719162582066
1,ABB.NS,7521.64990234375,48.916722002086914,6673.77603515625,8942.704761318204,7185.630346103671,52.903999999999996,75.836,0.07536817627992369,-0.04676271114089267
2,ABBOTINDIA.NS,28509.099609375,52.759942960642555,26933.6950390625,30197.738231463518,26546.12680759898,44.818,67.2525,-0.17720431435232623,-0.07394573287482785
3,ABFRL.NS,300.29998779296875,47.55854942189956,273.8210003662109,347.8112814813616,300.99871912899,37.554,66.7517,-0.266404362302273,0.002321376443206077
4,ACC.NS,2237.800048828125,39.102926173112685,2428.1279833984377,2750.442632392392,2187.6773138966705,41.1988,64.63257142857142,0.05087220566830377,-0.02291139310768659
5,ADANIENSOL.NS,919.3499755859375,41.518532395594185,1032.2330041503906,1161.5686013648797,890.4264120628545,44.6125,63.25000000000002,0.0693520337216209,-0.03248282298373836
6,ADANIENT.NS,2693.449951171875,35.05006726928785,3039.11,3311.004457645743,2839.6555277058196,43.8144,77.136,0.20003315646710096,0.05148708183350157
7,ADANIGREEN.NS,1644.0,41.86268233691058,1744.8720043945314,1977.1957764495035,1646.3192259919026,39.504,70.72266666666667,-0.05970743056173003,0.0014087340749515246
8,ADANIPORTS.NS,1318.699951171875,39.97528448424938,1315.77798828125,1578.523226632605,1353.2867465119264,45.85111111111111,72.6825,0.12815014695331647,0.025557625114705544
9,ADANIPOWER.NS,592.2999877929688,39.41214902237557,609.2970001220704,762.3280200566563,590.4419872675625,46.36,75.88083333333333,0.14986736362434053,-0.003146796070524568
10,ADVENZYMES.NS,436.5,50.19445171954392,398.10400146484375,540.6472644121891,340.327735587811,39.20285714285714,64.28714285714285,-0.2803773851643738,-0.28258720743427257
11,AETHER.NS,789.1500244140625,36.693874997243576,870.4440002441406,993.4855474030226,820.7594599211961,39.6776,60.28309090909091,0.07519923086972051,0.0385124230065756
12,AFFLE.NS,1464.550048828125,52.01018284597004,1287.679998779297,1735.7743105617085,1253.2206723484476,39.54075,66.35400000000001,-0.31535650805738485,-0.16862902212078978
13,AIAENG.NS,3897.699951171875,41.17551891899851,3975.377998046875,4647.072857428764,3924.9821230399866,45.644,66.72133333333333,0.09789854265624147,0.0069509034723910955
14,AJANTPHARM.NS,2969.300048828125,55.65613913362343,2441.326022949219,3729.027328392889,2002.7977692633613,42.6808,72.864,-0.3040088080266403,-0.48257607153229853
15,ALKEM.NS,5942.5498046875,58.20960646173894,5274.684013671875,6666.186438231773,4735.353600830727,42.73876923076923,73.039,-0.3619860260232221,-0.2549326419140047
16,ALLCARGO.NS,54.9900016784668,34.51738369699832,70.24350013732911,71.25756935119664,56.35243011474575,39.01422222222222,71.65599999999998,0.11526151923804169,0.024176924287111566
17,AMBIKCO.NS,1527.449951171875,41.561888294618086,1662.2399975585938,1970.3504647166264,1452.259520634936,40.05230769230769,69.58777777777777,-0.03769022783674255,-0.05177478919474755
18,AMBUJACEM.NS,552.7000122070312,35.794496127362294,595.2590002441407,710.2141823692408,563.1458212928686,42.70057142857143,71.95700000000001,0.16173262020067963,0.018549030625595177
19,AMIORG.NS,1508.75,56.95341921050224,1260.7650024414063,1724.2406102694288,1139.9544092618214,41.01538461538462,62.72777777777777,-0.3885867399409772,-0.3235178422415968
20,APCOTEXIND.NS,392.54998779296875,36.8880178024256,456.18200134277345,471.1332695480676,403.1317328933387,40.94085714285714,70.3385,0.09899253760832971,0.02624885176967626
21,APLAPOLLO.NS,1473.699951171875,46.86640488514956,1535.2289990234376,1643.623757957382,1366.4012420426182,46.05675,72.7324,-0.017579505396050646,-0.07852650146076945
22,APLLTD.NS,1067.9000244140625,49.62182252862695,985.0219946289062,1317.9462542200147,861.8437177038132,30.918222222222223,66.488,-0.6049377668604007,-0.23908778642517634
23,APOLLOHOSP.NS,6944.85009765625,60.20831408808424,6288.356982421875,7338.443472412695,6060.826498290429,47.49515789473684,72.97699999999999,-0.2676726798450374,-0.14585858869498677
24,APOLLOTYRE.NS,480.04998779296875,45.111183861839976,493.1849981689453,554.769551443626,470.70044367356144,46.577999999999996,69.312,0.03149160844518915,-0.019863045053535953
25,ARE&M.NS,1241.800048828125,43.76963477435861,1131.780001220703,1732.2361513919852,1232.0688656978584,52.92,79.26,0.1729093957982123,-0.007898246113665663
26,ARVSMART.NS,777.0,55.843980398133006,638.4420007324219,850.9048847197731,643.1301128388205,47.8465,71.77106666666667,-0.1671487025829059,-0.20815366049378184
27,ASHOKLEY.NS,214.0,42.72730557158271,204.6082000732422,264.5808293926683,213.3151697528395,46.308,68.26400000000001,0.07732345228507577,-0.003210415124034512
28,ASIANPAINT.NS,2958.0,43.88183202402488,3031.76998046875,3350.698854045543,2783.996116657582,39.746,63.468399999999995,-0.10405655975506664,-0.0625014820607307
29,ASKAUTOLTD.NS,406.5,54.0907737145214,342.5370001220703,478.20511714394434,342.24487980429785,46.455999999999996,72.193,-0.16434419051406496,-0.18774603796101916
30,ASTRAL.NS,1799.300048828125,36.839938414275245,2019.6610009765625,2444.6567596582577,1681.88823545893,41.9882,68.2196,0.12261210496579406,-0.06980952175883275
31,ASTRAMICRO.NS,729.0,40.24358492221003,739.6529956054687,998.3665424117198,771.7034404984365,46.31525,72.07872727272726,0.13109429567561368,0.055336594677943565
32,ASTRAZEN.NS,7142.2001953125,57.49088448861232,6040.734033203125,7677.845064523384,6090.434964773491,33.26775,71.32933333333331,-0.7281266237906779,-0.1726913162396974
33,ATL.NS,38.529998779296875,32.00041397818863,54.63979957580566,55.985439157542565,39.46856093401016,37.577333333333335,64.81775,0.1484117913763094,0.02377999431705976
34,AUROPHARMA.NS,1428.1500244140625,55.89491699620246,1224.475,1645.0377211690382,1208.3172715067433,34.253052631578946,74.13742857142857,-0.6318229384516583,-0.18193297248262696
35,AXISBANK.NS,1189.3499755859375,51.39295537746336,1140.1209985351563,1312.79730900553,1107.2876763460324,46.722833333333334,67.10275,-0.09995374233433385,-0.07411109235018727
36,BAJAJ-AUTO.NS,10206.099609375,50.72415746468962,8938.93603515625,12444.495374487089,8423.124840356662,44.540588235294116,76.09235294117647,-0.13882998573637204,-0.21167616565241845
37,BAJAJELEC.NS,844.3499755859375,30.882336490072333,984.6229968261719,1112.8594927404113,858.3755109216982,40.0608,62.976,0.2291133354782647,0.01633962660549396
38,BAJAJHLDNG.NS,10156.4501953125,56.35765171906886,8835.213974609374,11386.14104659651,8276.41891434099,48.7414,73.72559999999999,-0.15625837007285107,-0.22715516220594886
39,BAJFINANCE.NS,6910.14990234375,46.18225312713729,7045.68796875,7736.555597925913,6453.739323949087,39.76,66.81764705882352,-0.16152548106482115,-0.07072033056881862
40,BALKRISIND.NS,2907.550048828125,49.40440683091416,2737.4849951171873,3359.7209227759895,2767.0490479271357,41.5752,69.57942857142856,-0.1883143516065866,-0.05077647647996773
41,BALRAMCHIN.NS,607.25,65.43818707454454,447.57800231933595,699.852747123464,366.20725959040305,42.96666666666667,70.48571428571428,-0.5229989233796247,-0.6582139870170771
42,BANARISUG.NS,3512.10009765625,59.39328343476876,2831.7939892578124,3826.7097829048016,2812.210187798323,41.83436363636364,67.04171428571428,-0.41972479732289747,-0.24887539092725852
43,BASF.NS,7106.4501953125,61.73400090736318,4654.1090234375,8476.594134856126,4502.465923737623,41.286,74.44099999999999,-0.49527687127266334,-0.5783462475187902
44,BAYERCROP.NS,6323.0498046875,52.0676157470703,5892.670966796875,6873.155721914133,6070.1192292577425,35.802,63.39622222222222,-0.4543214274920479,-0.04166813959940717
45,BBOX.NS,450.0,54.7865806574852,338.14880310058595,627.0796838038116,286.7543280370087,37.26453333333333,72.68799999999999,-0.47020707779743753,-0.5692875608207829
46,BDL.NS,1033.6500244140625,39.785877529579906,1089.087001953125,1742.4389161264453,965.8460814321484,49.917,71.46000000000001,0.20295936194923764,-0.07020160280753536
47,BEL.NS,272.3500061035156,48.50874876911076,242.5940020751953,328.9434591343871,268.50654391737066,52.962111111111106,74.572,0.08408581622921862,-0.014314221657583646
48,BEML.NS,3735.64990234375,47.55432825181691,3599.2779931640625,5044.936004519228,3278.4089905979595,43.6135,72.60479999999998,-0.09035799125997478,-0.139470369028726
49,BEPL.NS,127.63999938964844,45.535403176150545,118.7329997253418,177.79312615878828,117.1118726205086,37.23171428571428,64.861,-0.22302730480563362,-0.08989803111812036
50,BERGEPAINT.NS,536.9500122070312,44.7700796663777,553.6770031738281,629.8522462987414,478.68276346688367,38.01085714285714,62.961777777777776,-0.17782347022897177,-0.12172414213986762
51,BHARATFORG.NS,1400.199951171875,42.065390021278596,1384.4069970703124,1769.2445942663403,1420.9054057336598,44.2448,72.434,0.04925799141868428,0.01457201477187279
52,BHARATRAS.NS,10366.400390625,43.61774074693678,10274.228984375,13755.018658745043,9928.421282661207,35.1232,65.68046153846154,-0.24184985271663134,-0.04411367079363064
53,BHARTIARTL.NS,1666.0,65.36930912308546,1320.3040014648439,1765.0325112884605,1333.5725058013834,48.63822222222222,73.376,-0.34399051068151515,-0.24927590569876892
54,BHEL.NS,216.85000610351562,35.60841753296313,253.88999938964844,337.1400235309141,236.1149721966249,45.48888888888889,75.175,0.21720625843510458,0.08159146331926112
55,BIKAJI.NS,866.1500244140625,60.648021243744445,652.5229962158203,983.6433763860637,641.6116223932331,49.2656,76.45850000000002,-0.23104196932026497,-0.349959997892952
56,BIOCON.NS,312.0,42.75799797635857,305.05000274658204,383.57279558339786,319.65221662363336,36.687999999999995,58.948,-0.16544913803855682,0.02393919461739031
57,BLS.NS,373.29998779296875,51.24018753204175,351.55299865722657,434.02709041713445,321.8379028689984,50.188,75.24879999999999,-0.020964922532114235,-0.1599006346524622
58,BLUESTARCO.NS,1849.1500244140625,57.18879405138085,1457.0530017089843,2098.0308111572176,1492.1141961670007,50.64753846153846,71.7049090909091,-0.12915248773264265,-0.23928183859132826
59,BOROLTD.NS,417.8500061035156,55.86400172545089,371.1237127685547,467.4558925169189,319.45910687272954,44.228,64.20875,-0.26309129342160825,-0.3079921564733617
60,BORORENEW.NS,411.54998779296875,31.835538147860404,501.3709967041016,556.4943230538537,436.75067206333375,38.79261538461539,69.10239999999999,0.17934024730681253,0.05770039036530806
61,BOROSCI.NS,172.22000122070312,44.04983092881068,,219.26634131698717,160.4046547767628,44.905142857142856,60.992000000000004,0.01904708177976829,-0.07365962328452301
62,BOSCHLTD.NS,35931.94921875,59.8564110441047,29783.240078125,38394.45987499111,30545.345203133897,46.068,73.2325,-0.29930561439838294,-0.1763477865381416
63,BPCL.NS,306.29998779296875,45.27847055954675,297.64899871826174,370.097915293527,291.0195804340121,39.0516,66.97162500000002,-0.1594523799164886,-0.05250645793718838
64,BRIGADE.NS,1180.550048828125,47.03009638365732,1101.5569970703125,1446.930042654603,1110.7699695524282,47.672000000000004,75.8544,0.013465002860015961,-0.06282135922689187
65,BRITANNIA.NS,5669.39990234375,49.810993018399806,5321.314970703125,6326.275524337661,5305.664319412339,42.97371428571429,68.912,-0.1591037415855494,-0.06855608667147996
66,CAMPUS.NS,284.54998779296875,46.858423586380916,275.5350003051758,346.39578250618575,256.24421993522054,33.657000000000004,66.05879999999999,-0.3922341143411745,-0.11046402476865237
67,CAPLIPOINT.NS,1790.699951171875,57.01201004860651,1492.847998046875,2129.7410576040825,1273.9289253060738,42.552235294117644,71.051,-0.33981234251371434,-0.4056513794453972
68,CCL.NS,630.4000244140625,45.53068443508081,632.2449963378906,768.5680293688775,550.3669681897162,43.462199999999996,67.62815384615385,-0.04759272275864573,-0.14541762287732032
69,CDSL.NS,1419.0,56.60424968286372,1103.0740002441407,1652.7751487047863,1001.5198586194324,38.236999999999995,74.05457142857144,-0.48035279135036024,-0.41684659349246705
70,CEATLTD.NS,2747.949951171875,49.51170944740538,2628.6160009765626,3164.977273325724,2428.292721791463,39.953399999999995,70.0552,-0.23923644664547664,-0.13163867210563732
71,CENTURYPLY.NS,843.4500122070312,60.30128301594854,731.3539965820313,929.0606377982168,629.4543585396738,40.752,75.54472727272729,-0.4797134623073355,-0.33997008800419576
72,CERA.NS,6992.14990234375,35.46486771043455,8051.738017578125,10358.483977518046,7056.096100606954,41.51266666666667,74.238,0.14568562903448234,0.009062546392714694
73,CESC.NS,182.60000610351562,54.68708932386615,150.4917999267578,209.1668606824223,150.02713956171831,41.47309090909091,71.42836363636364,-0.3186161948657347,-0.2171131612383868
74,CHAMBLFERT.NS,458.70001220703125,47.832743623884376,420.4110009765625,545.7576647445055,453.2623395279554,40.54895238095238,69.80242857142858,-0.17962957894698936,-0.011996744941878097
75,CHENNPETRO.NS,707.7000122070312,35.01714976114587,888.6440002441407,1091.4437809152262,804.2862178640707,44.455999999999996,74.16799999999999,0.21231892745307998,0.12008934569778137
76,CHOLAHLDNG.NS,1789.6500244140625,59.58645573739059,1313.6880029296874,2139.5749750660534,1195.0100469066028,42.85214285714286,73.54153846153847,-0.3905128603728238,-0.49760249216878283
77,CIPLA.NS,1488.9000244140625,45.56808665792797,1452.5940087890624,1686.9935398522987,1455.0264918859828,45.08523076923077,68.602,-0.01070984622810749,-0.023280354493184108
78,COALINDIA.NS,461.1000061035156,44.53073415757908,452.67800048828127,538.1897303703171,460.36527146073763,48.585166666666666,72.51599999999998,0.08345000721936907,-0.0015959819046442907
79,COCHINSHIP.NS,1365.4000244140625,36.33645878361917,1428.7300048828124,2899.744891818208,1272.460125271636,42.386857142857146,80.10533333333332,0.14274232078227017,-0.07303953758282716
80,COFORGE.NS,7739.85009765625,72.35799455555667,6034.63900390625,7762.446168993057,4997.193772413194,39.67127272727272,69.81133333333334,-0.8239393289193084,-0.5488392986447272
81,COLPAL.NS,3082.199951171875,43.78316438802922,2882.760986328125,3983.117941471706,2715.807034114231,40.098,76.13520000000001,-0.09190394503539383,-0.13491124827914885
82,CONCOR.NS,795.2999877929688,32.5171321253147,947.0419982910156,1142.856111876753,810.7238746955126,41.9428,68.51218181818182,0.22472672007317815,0.019024833712139828
83,COROMANDEL.NS,1597.8499755859375,57.332896490255585,1358.8829931640626,1772.555363765068,1512.7496289107132,42.54514285714286,71.536,-0.34757795226512045,-0.05625540740439814
84,COSMOFIRST.NS,733.7000122070312,47.889690312986936,674.6960034179688,963.4022575702331,667.4477607403137,37.06975,72.05799999999999,-0.29188058492401314,-0.0992620776691684
85,CRISIL.NS,5080.0,68.48202266564401,4451.662006835937,4916.274537675179,4011.050462324822,42.63,66.312,-0.6064279302285716,-0.26650114420540355
86,CROMPTON.NS,391.95001220703125,45.2202160441912,359.35099853515624,473.3991908193039,392.44080246682887,36.49125,64.17,-0.23920709880289648,0.001250609663196539
87,CUB.NS,171.0,58.6847541886615,153.0102001953125,175.11781942126476,151.43317850353992,37.17872727272727,61.69983333333333,-0.578449788186002,-0.1292109278152851
88,CUMMINSIND.NS,3370.14990234375,44.8830913910528,3106.1189990234375,4093.5654702080774,3422.3395346747348,51.50457142857143,78.247,0.12856101611682294,0.015249694485951974
89,DABUR.NS,538.7000122070312,36.33769249235457,569.2450012207031,680.0875176876341,550.8974981815065,41.011,62.38057142857143,0.11395253731061014,0.022141117022202426
90,DATAPATTNS.NS,2157.89990234375,35.458779976349106,2552.6849951171876,3521.231749948453,2135.5532354031097,45.81675,72.7202,0.2260738708802107,-0.010464111392859788
91,DCBBANK.NS,116.3499984741211,40.299579147756035,128.1142008972168,140.73265152094123,109.57834777715448,40.16290909090909,59.64327272727272,-0.003402892368617811,-0.06179734258028674
92,DEEPAKFERT.NS,1133.699951171875,70.39267642935644,718.0269946289062,1240.5157974102724,610.864176954962,40.498799999999996,73.44963636363636,-0.7381422765453902,-0.8558952938166169
93,DEEPAKNTR.NS,2671.39990234375,48.20615396025494,2501.2599853515626,3151.0850920638727,2470.0499177017523,41.4256,73.07679999999999,-0.16368028369546692,-0.08151656498883349
94,DIVISLAB.NS,5780.75,68.52259862019207,4296.294985351563,6083.747614701431,4066.997356001694,37.42933333333333,68.60622222222221,-0.8307191851362231,-0.4213803191854331
95,DIXON.NS,13937.2001953125,62.97219651149581,9403.178017578124,15243.491531065341,10320.68844940341,36.7484,74.4426,-0.7136037626534982,-0.35041380850113196
96,DLF.NS,777.0,42.63271657932302,822.607001953125,903.3926189574955,787.6073749389888,46.8625,72.575,0.09025944882746291,0.013467846133119875
97,DMART.NS,4052.199951171875,35.95546250591006,4444.693989257812,5528.648430723391,4186.651618104734,40.60933333333333,66.94300000000001,0.11460101522039111,0.03211436708787437
98,DRREDDY.NS,1302.93994140625,13.388982683528596,6034.449194335937,9369.165223117518,2883.1108266871715,40.38,65.39,0.6684253916907232,0.5480784403617989
99,EICHERMOT.NS,4591.60009765625,47.13099001377303,4400.430009765625,5064.1797940502365,4593.550235246639,45.90488888888889,68.23314285714287,-0.026709597922170588,0.00042453820912323085
100,EIDPARRY.NS,761.5,50.86938880703098,673.6570007324219,861.2183429500457,728.7216594913606,42.92675,66.32133333333333,-0.18502772297066472,-0.044980604160329646
101,EIHAHOTELS.NS,343.5,36.90625760406901,364.25849884033204,494.039484454761,358.50801615559055,44.01875,68.68461538461538,0.1615786998933633,0.04186242839567959
102,EIHOTEL.NS,362.8999938964844,42.25573624193185,384.2070031738281,452.2452936281985,350.99971064426245,45.6016923076923,72.088,0.07337350647392625,-0.03390396883911634
103,EMAMILTD.NS,645.5,41.76722036998587,602.6669982910156,857.7252335476171,657.0547530246486,37.232,71.728,-0.12180974349983541,0.01758567755800878
104,ENDURANCE.NS,2376.10009765625,51.42357491522493,2159.0819897460938,2766.055036705876,2270.8899828253743,41.763999999999996,68.3970909090909,-0.23128950568012974,-0.046329903970062154
105,EPL.NS,252.6999969482422,60.635470709431104,209.58839935302734,282.97816056000227,191.14383803618918,35.616,63.25299999999999,-0.7024784004220324,-0.3220410322638735
106,ESCORTS.NS,3500.39990234375,43.65485353484882,3461.4319921875,4398.8639040478765,3512.971056889623,42.65542857142857,71.91618181818183,-0.023430193925883566,0.003578496475574008
107,ETHOSLTD.NS,2668.10009765625,43.3466588621462,2640.130988769531,3576.9288152857043,2559.9361749486707,52.10914285714286,73.60381818181818,0.16815636401886316,-0.04225258573477838
108,EXIDEIND.NS,449.8999938964844,44.4526578220676,421.79499877929686,584.6151468100288,445.2198507485651,40.491200000000006,75.39599999999999,-0.0978350313665091,-0.010511982203961465
109,FILATEX.NS,51.369998931884766,39.46266005680561,58.21660011291504,67.5192709375923,51.32372909292528,40.04861538461538,70.0692,0.014631100780449567,-0.0009015291713451737
110,FINCABLES.NS,1189.550048828125,38.71915377545329,1214.63400390625,1692.7964397073215,1240.5285724997098,41.388,72.91418181818182,0.06448357554234815,0.04109419549189519
111,FINPIPE.NS,284.0,47.92021915196047,268.0339999389648,341.8381054287439,270.7568957919592,41.103500000000004,68.94175,-0.1658427908076067,-0.048911419852502525
112,FLUOROCHEM.NS,4148.85009765625,57.38517708877355,3483.844013671875,4746.130059393183,2629.5950138490043,43.266571428571424,73.74325,-0.32631671967607756,-0.5777524964133066
113,FORTIS.NS,582.7999877929688,63.94717958948964,467.56500061035155,634.5568137334898,439.2731819940492,47.592999999999996,72.4145,-0.3436257346561395,-0.3267370094103853
114,GAEL.NS,123.54000091552734,39.71221110890137,159.64890121459962,149.10485803273193,122.4521449885083,42.627272727272725,67.45714285714286,0.06838489614434824,-0.00888392708123766
115,GAIL.NS,206.0800018310547,45.83724945396383,195.70580047607422,241.60986554109314,208.41413500822324,44.99466666666667,70.809,-0.018726281351059998,0.011199495548017685
116,GANECOS.NS,2042.25,64.58972467109591,1312.7450048828125,2294.5000222843687,1173.7149801570376,46.6615,72.91381818181819,-0.38421878146000266,-0.739988016278668
117,GARFIBRES.NS,3831.10009765625,51.021348373990435,3595.5280126953126,4206.52186056139,3602.6882224464225,41.92,67.64,-0.21711231808183284,-0.06340040023078193
118,GESHIP.NS,1246.9000244140625,53.564221339114276,1101.2419995117189,1410.911583585519,1155.078406648856,48.52125,69.345,-0.10393325273182932,-0.07949383975725242
119,GILLETTE.NS,8219.7001953125,53.85171516197553,7225.430986328125,9400.767442843526,6966.172449734599,35.85057142857143,67.55171428571428,-0.5021159500698482,-0.1799449776219162
120,GLAXO.NS,2588.60009765625,50.23267654144656,2325.075026855469,2972.4942897547567,2473.2207981358683,36.78963636363637,66.4689090909091,-0.3654029098014561,-0.04665143508713257
121,GLOBUSSPR.NS,993.2000122070312,50.807123474549385,872.8179968261719,1310.2049317162205,660.3850585181546,36.764875,72.80199999999998,-0.38194740154969603,-0.5039710535481888
122,GMRINFRA.NS,78.81999969482422,37.03052300406912,85.88480018615722,103.42718616327014,84.0668140808705,46.678909090909094,68.37566666666666,0.20669690604913984,0.06241243281800779
123,GMRP&UI.NS,114.91000366210938,53.60421491771105,78.71540008544922,161.76681027966922,68.68518862169796,36.3504,75.30600000000003,-0.4746526838139621,-0.6729953861669791
124,GODFRYPHLP.NS,6300.85009765625,61.81101513383916,3886.0019921875,8173.076811648531,2852.173139523344,45.17825,72.6035,-0.36815868551436065,-1.2091401150735364
125,GODREJCP.NS,1291.25,43.11144238590244,1278.4649951171875,1520.5047200995853,1294.2602823418208,43.80215384615384,68.1634,0.015768892613760126,0.0023258709108913075
126,GODREJIND.NS,1028.949951171875,55.05475613551681,868.7100024414062,1265.2995771581968,718.8604265039125,38.55709090909091,67.9268,-0.42787629557747875,-0.43136263067928765
127,GOKEX.NS,838.0499877929688,42.42861353781693,878.7060009765624,1005.8031148713692,840.4568887907401,48.13103448275862,76.925,0.11847700773986895,0.002863800665890697
128,GOKUL.NS,52.7400016784668,60.62059519661725,46.18919982910156,57.7295649480511,35.47643480780828,43.958769230769235,69.02233333333332,-0.37903304067452054,-0.48662068114180523
129,GPIL.NS,173.4499969482422,37.15793604931332,254.27779815673827,236.62083199760826,172.6121697113761,36.734,75.4664,-0.011540699333405539,-0.004853813252373818
130,GPPL.NS,190.5399932861328,38.74327936134584,198.10880096435548,240.79953944312763,195.72945988548565,43.048153846153845,65.24099999999999,0.10000137288564871,0.026513467121347053
131,GRASIM.NS,2615.199951171875,50.9357583485917,2396.4504272460936,2899.5828509743064,2490.2721783225684,46.7915,68.34700000000001,-0.08856861499613601,-0.05016631271745452
132,GRAVITA.NS,1991.5999755859375,53.38980904670935,1388.4189965820312,2873.8723135334794,1070.9826669352706,51.41466666666667,84.044,-0.03841593280858931,-0.8596005678458924
133,GRMOVER.NS,208.5500030517578,47.725628836262636,188.98020004272462,283.0548239966088,166.0011788110084,31.288800000000002,59.582,-0.525326277654069,-0.256316398145528
134,GRSE.NS,1505.300048828125,44.89809586584648,1331.6180090332032,2619.756847944471,1290.9131837938105,46.8656,70.19644444444444,0.04198184028698068,-0.16607380552444428
135,GRWRHITECH.NS,3548.75,64.80866087881934,2211.406003417969,4239.078718287041,1791.0362963613975,38.75818181818182,75.04333333333334,-0.6721285116738114,-0.9813947976428552
136,GSPL.NS,387.20001220703125,54.81588820536105,341.4600006103516,466.6757096647342,260.0842939973752,40.39375,66.26666666666667,-0.3570388539157927,-0.4887481525929394
137,GUJGASLTD.NS,526.2999877929688,38.43995659900597,562.3879992675782,677.6739919000681,553.0860178655569,38.0788,73.28199999999998,-0.009484453265490666,0.04843013420581393
138,HAL.NS,4165.60009765625,44.92746929828876,3913.7390087890626,5535.659153643614,4026.6758561220113,54.704,78.2716,0.1787169256674327,-0.0345009746247698
139,HAPPSTMNDS.NS,768.7000122070312,40.04991204561568,830.3150012207032,876.9080518096873,746.9569506317189,36.426947368421054,74.384,-0.09945836637234702,-0.029108855010886173
140,HAVELLS.NS,1694.949951171875,42.10980901738542,1648.9700048828124,2044.1499526074276,1715.3450547167913,43.9474,69.19220000000001,0.04181341746302577,0.011889796451643722
141,HCLTECH.NS,1852.3499755859375,70.39752296874207,1557.7839965820312,1942.8734079588342,1396.5115895997594,40.05066666666667,70.824,-0.7577116394752161,-0.3264121754383875
142,HDFCBANK.NS,1743.4000244140625,63.03156777724641,1575.0389990234376,1744.2888306432262,1573.386169356774,40.561800000000005,62.500400000000006,-0.5539637732360596,-0.1080560248770923
143,HFCL.NS,113.27999877929688,43.24534699476767,108.76640045166016,162.7690140516909,104.83798668073094,43.177,67.765375,-0.0015829491342073951,-0.08052436302763881
144,HGINFRA.NS,1304.449951171875,39.1984720046005,1243.7309973144531,1813.2877047723653,1363.147280579197,46.82857142857143,76.64,0.1629368394380614,0.04306015222535729
145,HINDCOPPER.NS,271.75,38.863332451451086,299.35699859619143,349.89945855728945,289.00553717024957,43.32780952380952,74.11457142857145,0.1030395286866536,0.059706597109537546
146,HINDUNILVR.NS,2528.050048828125,41.89218730615287,2537.586015625,3033.3316786406494,2404.2533555390382,40.882666666666665,62.9032,-0.02469312111456048,-0.051490702094218896
147,HINDZINC.NS,510.04998779296875,47.959375001739474,458.23100341796874,719.1901591199664,423.2648488146039,43.71223529411765,65.69366666666667,-0.09716134805381055,-0.20503743512227726
148,HONAUT.NS,49366.44921875,49.282221663484684,45479.072890625,58518.14851650567,46488.33117099433,40.16215384615385,65.178,-0.22708114341343333,-0.06191054777099478
149,HSCL.NS,552.8499755859375,59.669161550037174,402.56299865722656,695.880420022649,314.50957936699945,46.63111111111111,75.00210526315789,-0.27959982355683993,-0.7578160153297588
150,HUDCO.NS,193.99000549316406,33.140033603349664,215.1636003112793,349.3841500298841,195.33885259462767,40.23466666666666,75.72622222222222,0.17633134933350175,0.0069051654780770515
151,ICICIBANK.NS,1255.449951171875,57.843560576256806,1119.7830029296874,1321.9680034815954,1124.0719867527798,49.094461538461545,70.14885714285714,-0.17820949173545877,-0.11687682458720457
152,ICICIPRULI.NS,742.8499755859375,62.445073220309965,617.0840020751953,825.7146300344074,595.2003785105145,38.88,70.41428571428571,-0.6060975622507706,-0.24806704163212273
153,ICRA.NS,6911.7998046875,61.92948750493309,5833.57201171875,7440.931181407392,5102.368818592608,48.51626666666667,66.0902857142857,-0.27646852818298245,-0.3546256749417009
154,IDBI.NS,82.66000366210938,43.989999888022965,83.71280014038086,102.86180938095255,77.23219162612752,44.6884,65.22040000000001,0.015628219224161903,-0.07027914036490503
155,IDEAFORGE.NS,606.2000122070312,33.14960089501538,737.277001953125,851.0874033639817,611.4825978567213,20.36,46.975,-0.6281729319752153,0.00863897953630376
156,IDFCFIRSTB.NS,65.5,29.02805361281621,79.39200012207031,82.895584549967,66.73941606038457,37.47688888888889,72.61466666666666,0.22544121261297068,0.0185709754976455
157,IEX.NS,180.75999450683594,47.65308740578407,166.77560119628907,224.7097748883536,162.63822926203704,35.0355,75.32914285714284,-0.36013721527547976,-0.11142377365411264
158,IFGLEXPOR.NS,550.4000244140625,40.104690077850265,658.2969982910156,672.2762305912954,566.5937584223764,40.87914285714286,73.036,0.0189449368348797,0.02858085492047018
159,IGL.NS,413.54998779296875,33.628542976631024,466.0469982910156,590.8547482988619,446.7252443769195,37.74023529411765,61.00011764705882,0.10894718290554732,0.07426322331576021
160,INDHOTEL.NS,691.25,61.03181485826304,573.9599987792968,724.3429152143376,573.3570847856624,53.09224999999999,71.29345454545454,-0.14954282137718872,-0.20561865954514083
161,INDIGO.NS,4366.10009765625,50.55745718773735,3814.5600146484376,5031.809396072906,4024.8256625208455,46.15566666666667,71.56457142857143,-0.0953683662043089,-0.084792352203811
162,INFIBEAM.NS,26.260000228881836,38.87326482736904,30.337800102233885,33.59811595165614,26.63588463580724,40.45573913043478,63.89963636363636,0.0391161881374513,0.014111955058556397
163,INFY.NS,1862.050048828125,58.77941701587978,1645.1069970703124,2083.7937903255643,1529.1511803775609,38.5876,68.4328,-0.5232721655630248,-0.21770173722677208
164,INOXGREEN.NS,160.52999877929688,45.89669701322666,146.15879959106445,222.82806698064496,143.07593387384725,43.626,71.32228571428571,-0.0520491682305657,-0.12199161964470702
165,IOC.NS,146.30999755859375,38.653560953192525,159.45039916992187,183.56760798855257,155.12939060763884,43.2404,70.40239999999999,0.10607762756143506,0.056851851312634545
166,IONEXCHANG.NS,633.0,51.03536191476835,580.5070007324218,753.8252872101373,543.2497188933783,48.448,71.64057142857143,-0.05340492723679721,-0.16520999088494093
167,IPCALAB.NS,1582.8499755859375,68.49228750620954,1262.967001953125,1679.704789135777,1051.0052328368793,35.23155555555556,67.04075,-0.9440608405213942,-0.5060343432482253
168,IRB.NS,50.790000915527344,33.96061614496553,59.645800018310545,71.18978557199172,55.009213832915506,45.17425,70.19509090909092,0.2482306591705335,0.07670011300658762
169,IRCON.NS,193.13999938964844,35.33446336438183,234.3411999511719,329.3232915525396,191.08270820331978,42.07,74.85333333333332,0.16010308142662627,-0.010766495857592793
170,IRCTC.NS,812.0999755859375,34.352969271876916,937.4189990234376,1059.5634613336038,828.8415435492088,39.61630769230769,71.55955555555558,0.1328578741186615,0.020198755834054522
171,IRFC.NS,134.42999267578125,36.02786296793505,151.2797998046875,212.24481185388606,135.2191865591999,41.34133333333333,75.82600000000002,0.12852682622875286,0.005836404607219945
172,ITC.NS,482.29998779296875,52.13512821291448,455.4830004882813,544.8608972876729,420.52410027092094,47.9632,71.688,-0.08698185719289955,-0.14690213350970596
173,ITDCEM.NS,533.6500244140625,54.5227332144898,411.03700256347656,619.4777994055262,441.8122121911536,45.14870588235294,75.74885714285715,-0.20762560407741024,-0.20786616958241644
174,ITI.NS,211.5500030517578,29.795786764772473,290.5819995117188,340.15059696717316,229.91940425352996,38.357157894736844,64.9416,0.22320139446877826,0.07989495824161227
175,IWEL.NS,10920.2001953125,57.24535831624214,7565.658032226563,14684.812921541914,5554.602215176837,45.51114285714286,79.83723076923076,-0.25783170279710144,-0.9659733986846516
176,JAICORPLTD.NS,318.79998779296875,42.75718957499071,341.9490002441406,400.7417016548146,330.598294683076,43.538875,70.42371428571428,0.017953735024372725,0.03568774273750431
177,JASH.NS,2389.550048828125,57.4197490471339,1944.8759936523438,2551.900897549399,1926.204107333414,53.4875,78.06923076923077,-0.07351715909574949,-0.24054872468118393
178,JBCHEPHARM.NS,1891.9000244140625,55.360333148950325,1737.6100073242187,2009.0462842716488,1699.6037401424137,48.278999999999996,68.98536842105264,-0.14667522419582693,-0.11314183402275631
179,JBMA.NS,1571.199951171875,34.81443781482774,1833.4050048828126,2203.344535126726,1638.845479521712,46.93085714285714,81.67733333333334,0.2581759649338413,0.041276330926317044
180,JCHAC.NS,2007.449951171875,52.02195173150535,1552.782000732422,2491.0222390728795,1661.8577902239958,31.642,60.60399999999999,-0.6440791268410766,-0.20795531541919604
181,JINDALPOLY.NS,708.2999877929688,48.04938459004225,657.5149993896484,932.5252664974337,617.5397298404569,34.61175,65.36466666666668,-0.38823909770647974,-0.1469707187519094
182,JIOFIN.NS,311.20001220703125,40.40364421770051,317.60400024414065,368.63305876091147,311.59694001838545,47.7408,77.99674999999999,0.15368732367910656,0.0012738501582550293
183,JMFINANCIL.NS,134.69000244140625,61.33647009772464,99.05719985961915,160.03981965718756,64.64118009867181,37.823,63.20709090909091,-0.6216712079349772,-1.0836563044766216
184,JSL.NS,663.9500122070312,41.902669737232955,686.6929974365235,847.0216088840234,668.1733923366796,45.74142857142857,78.11375000000001,0.08392302020478251,0.006320784661715917
185,JSWENERGY.NS,668.9000244140625,49.680755318389586,594.2180010986328,770.8455480668141,653.9094446089672,44.9412,83.13733333333334,-0.10546125422528958,-0.022924550071393386
186,JSWINFRA.NS,281.1000061035156,43.97838782383435,271.72100036621094,358.2964070391856,288.52859601257217,56.337999999999994,69.58733333333333,0.21938322581855305,0.02574645983697523
187,JSWSTEEL.NS,943.8499755859375,52.114244885716595,883.9509985351563,1023.8967215449595,867.6982674687124,46.3634,66.85016666666668,-0.12403846322134693,-0.0877628905948818
188,JUBLFOOD.NS,585.25,48.30793631580972,544.2310034179687,708.1764379575059,519.6785730288223,34.72714285714286,69.17111111111112,-0.39107143120106963,-0.12617689159091236
189,JUBLPHARMA.NS,1058.3499755859375,62.32509360437951,726.383999633789,1285.9776700183247,571.0673250988627,31.858,70.22553846153846,-0.9563404358208145,-0.8532840683937165
190,JWL.NS,458.25,40.26334745312983,470.72900146484375,739.5247892776251,432.21021438448435,52.297777777777775,75.83777777777777,0.23011360780536988,-0.060247964413796234
191,KABRAEXTRU.NS,420.0,51.355542124417404,397.4989990234375,463.6957894326501,369.134206294889,40.93299999999999,72.65422222222223,-0.2546244380919408,-0.13779756207279262
192,KAJARIACER.NS,1230.949951171875,38.78277136069335,1326.1840014648437,1535.6850645536501,1270.6649354463498,41.64573333333333,67.6358,0.06874562514543257,0.03125527679767443
193,KAYNES.NS,5301.60009765625,63.406699112826125,3546.82201171875,5971.490456386513,3451.3045631447367,63.065,85.76,-0.005418205229939385,-0.536114822861525
194,KDDL.NS,2428.949951171875,37.8316748964023,2833.618984375,3707.7338094077686,2540.0561564125437,50.44166666666666,77.71111111111111,0.24999157647971648,0.04374163341238483
195,KIRLFER.NS,452.20001220703125,48.06202529322212,445.8050018310547,504.4922750621422,435.5777353138344,44.0,74.19545454545455,-0.0923187566641391,-0.038161447534090474
196,KIRLOSBROS.NS,1627.3499755859375,45.91621550643342,1463.4550061035156,2493.990982457258,1444.3490199841485,45.19861538461538,77.294,-0.015876595238850898,-0.126701339544508
197,KIRLOSENG.NS,1016.1500244140625,37.71653681577034,1014.2510009765625,1445.316700336702,1076.1133045461106,42.476571428571425,77.72149999999999,0.11206259009876908,0.05572208788677673
198,KIRLOSIND.NS,4549.89990234375,34.510435996571175,4868.8369921875,6469.951906399199,4836.758005710175,47.6832,73.424,0.27625587216103,0.059307929614788736
199,KIRLPNU.NS,1472.75,66.99529677463923,995.917998046875,1455.2282386382617,1220.1267662445507,45.832,79.28800000000001,-0.46175808986383376,-0.2070467108372704
200,KNRCON.NS,278.0,39.90249617669177,299.92600006103515,394.7395336341413,292.9754657555072,42.184,67.669,0.0540845776433773,0.051115084728645656
201,KOKUYOCMLN.NS,155.97000122070312,43.68630777151536,154.99940017700195,222.56529576292175,130.86170619020325,41.70628571428571,68.537,-0.04747538706261313,-0.19186892607074663
202,KOPRAN.NS,283.75,49.79675740037956,267.8532000732422,352.1672737617931,220.28372721476933,33.51422222222222,67.90261538461539,-0.48583956596674066,-0.28811148961245403
203,KOTAKBANK.NS,1768.8499755859375,47.14295376306283,1779.94599609375,1904.0551055767148,1721.7748870990665,41.84923076923077,58.79428571428572,-0.12649510866814337,-0.02734102398611788
204,KPITTECH.NS,1373.5999755859375,37.08678361623892,1596.0369995117187,1970.0011285878118,1474.043866529376,52.104,79.80466666666666,0.2882161903838684,0.06814172442502185
205,KPRMILL.NS,902.7999877929688,53.71699426230129,839.4090014648438,968.3211497910681,808.2538502089319,46.86666666666667,74.77999999999999,-0.14616630716147846,-0.11697579610613283
206,LALPATHLAB.NS,3137.64990234375,53.4350145979771,2738.107004394531,3655.69786480274,2670.50213519726,36.35254545454546,68.4030909090909,-0.4699112243678024,-0.17492881244672118
207,LICHSGFIN.NS,598.25,39.33951021023551,639.6469946289062,827.2914275444891,573.848562689886,41.3696,71.14880000000001,0.04907201881972484,-0.04252243343737507
208,LICI.NS,903.6500244140625,38.0956425282435,963.8930065917968,1183.7562943170099,896.3887191107244,34.589090909090906,66.34,-0.10137738596162363,-0.008100621023590927
209,LMW.NS,15778.4501953125,48.69313346656522,15322.80802734375,17681.73072570287,14461.79925476588,45.904,69.884,-0.06076014000011367,-0.09104337000893707
210,LT.NS,3326.39990234375,41.37259349587329,3537.9619873046877,3797.4606589218665,3406.8843117812585,49.084,73.276,0.1571063178250899,0.023624051206901104
211,LTIM.NS,5903.2001953125,53.882733243581434,5510.1969921875,6611.835060576645,4972.58500778273,38.7808,68.17876923076922,-0.3894177851818796,-0.18714917614746426
212,LTTS.NS,5170.2998046875,49.777526708336744,5153.488984375,5755.727547801873,4658.267374073128,40.5786,74.17914285714286,-0.22669403844234995,-0.10991907280037848
213,LUMAXTECH.NS,504.3999938964844,46.121968329575445,480.0160009765625,595.756653087756,500.8983487432987,48.15181818181818,69.976,0.04215520677907012,-0.0069907300792085595
214,M&M.NS,2720.85009765625,50.966740846284786,2296.91900390625,3128.661448599489,2588.2485611661355,48.079,71.0385,-0.060062414906399575,-0.051232149214591245
215,MAHSCOOTER.NS,10888.099609375,61.82605543252878,8545.691962890625,12314.442710837606,7603.227113381143,44.350545454545454,73.312,-0.3940314555069869,-0.43203661379688546
216,MANINFRA.NS,176.0,38.668229452442034,201.82320068359374,208.36632143679688,179.86967709835935,42.95929411764706,79.77650000000001,0.09988675915981403,0.021513782427280755
217,MANKIND.NS,2455.89990234375,54.58453061587387,2216.3729956054685,2787.0804806113083,1898.5045047402543,50.296,70.37542857142857,-0.08526583855324216,-0.293597089820841
218,MAPMYINDIA.NS,1935.199951171875,42.454191808474675,2055.2969921875,2521.0780866417863,1883.89189626837,37.5328,69.8968,-0.13112242647696612,-0.02723513753901513
219,MARICO.NS,640.0999755859375,50.12783115619628,585.8450006103516,715.2458052370273,603.9091935422696,42.85138461538462,66.80900000000001,-0.16980656765520835,-0.059927522930042644
220,MARUTI.NS,11502.849609375,41.44704648558517,11826.59701171875,13210.207949497577,11630.486972377425,44.666,66.468,0.07206719908688551,0.010974378227288773
221,MAXHEALTH.NS,938.0,55.1692185673054,823.9820043945313,1014.9939110143664,834.0960914270399,51.452,76.23345454545453,-0.07224633769931979,-0.12457066954383246
222,MAZDOCK.NS,4062.300048828125,51.05023013374224,3185.2170068359374,5576.001658770108,3549.4484144720795,47.992000000000004,79.55885714285715,-0.06372374841103173,-0.1444876990647358
223,MCX.NS,6487.5498046875,81.39136397589456,4058.3459814453126,6805.255916351124,3015.288981109813,39.966857142857144,74.86975,-1.0364714614654353,-1.1515515910185432
224,METROBRAND.NS,1176.3499755859375,43.18337912317367,1209.8969921875,1380.7226742107555,1158.512311140807,47.10666666666667,68.992,0.08328518702575,-0.01539704349586534
225,MIDHANI.NS,318.8999938964844,29.78193984079286,424.24999938964845,528.3417443761329,328.338254403164,41.459272727272726,68.1824,0.28165792881355317,0.028745540247315987
226,MONTECARLO.NS,772.5499877929688,55.78200719787183,688.7629968261718,874.5699899320225,559.7450003023525,40.05527272727273,70.34049999999999,-0.39262582426236037,-0.3801820246284776
227,MOTHERSON.NS,189.6699981689453,54.54124314801402,147.7756005859375,214.19273083464134,176.55527026399147,42.488142857142854,73.00013333333334,-0.28368150454109264,-0.07428114655169596
228,MOTILALOFS.NS,872.0,59.90334202244734,667.9032446289062,936.8057251685002,459.12926628657783,33.43442857142857,67.3592,-0.7916663924574388,-0.8992472578642327
229,MPHASIS.NS,3041.050048828125,58.306318654272964,2634.796005859375,3319.3412185107723,2400.238810786103,35.824375,70.15466666666666,-0.6275599687160756,-0.26697811699501256
230,MPSLTD.NS,2048.0,50.90072300434924,1845.6219995117187,2400.400962064402,1872.7840232871606,45.47723076923077,70.1124705882353,-0.11925731060097709,-0.09355909412623865
231,MRF.NS,122751.796875,38.619967997262236,131788.24921875,142957.42700589602,122742.88158785398,42.913,66.95663636363636,0.1000403607936467,-7.263384263667842e-05
232,MRPL.NS,144.83999633789062,29.3217034230548,194.7975994873047,243.80116696184263,155.5168338316144,42.9776,76.14666666666668,0.31774451288450734,0.06865390215752533
233,MSUMI.NS,62.40999984741211,35.42710013672726,67.89539993286132,78.10070689196735,63.65629269604534,43.23466666666667,65.784,0.18058579218696588,0.019578470499125655
234,MTARTECH.NS,1507.5999755859375,35.16743946608662,1919.2120043945313,2025.822896197431,1587.6321208924128,38.415600000000005,72.9585,0.08455316418104585,0.05040975440928278
235,MUTHOOTFIN.NS,1923.550048828125,58.07111460888527,1656.9919921875,2068.5808142598285,1714.1741784159524,37.82542857142857,69.66672727272727,-0.5352400964664622,-0.12214387140381168
236,NATCOPHARM.NS,1291.9000244140625,49.724884197631326,1101.0469982910156,1638.8577645544738,1103.8872427697452,35.28548148148148,71.5024,-0.40921654204231067,-0.17031882819170696
237,NAVA.NS,892.7000122070312,53.1055829892186,654.9050024414063,1216.46157270981,619.7934382765181,52.10836363636364,74.1345,-0.019137414481368385,-0.44031859177050053
238,NBCC.NS,87.91000366210938,37.54015460535123,92.76386604309081,133.02489760850546,97.94776855970743,41.635555555555555,73.70222222222223,0.0983630672284343,0.10248079200986787
239,NCC.NS,277.6000061035156,44.126610888535666,261.76100189208984,346.53908587144065,287.08592023207495,43.123111111111115,73.6324,-0.023270579315090023,0.03304207367916578
240,NELCO.NS,861.2000122070312,45.1534422947382,840.9710009765626,1256.243694987894,654.826306232809,43.427,69.06133333333334,-0.03975504397582607,-0.31515793426425154
241,NEOGEN.NS,1866.3499755859375,54.65634159218983,1551.9990063476562,2250.9445580432266,1239.3354834606796,37.73266666666667,69.01050000000001,-0.44851521030909997,-0.5059279755102334
242,NESTLEIND.NS,2260.699951171875,35.76262650515683,2518.5676708984374,2733.185480114164,2327.454461292086,40.816,67.612,0.12380864109278643,0.028681338874897728
243,NEULANDLAB.NS,13803.25,74.92549181426664,8064.97396484375,15985.226249695414,5721.2437210077105,40.01914285714285,78.05015384615385,-0.8722412941658867,-1.4126310070162098
244,NHPC.NS,78.5,32.7091465563028,89.14759941101075,112.39084787076625,82.33714895540562,50.24252631578947,71.6930909090909,0.34897488333456955,0.04660288829631265
245,NITINSPIN.NS,381.20001220703125,49.04261553467698,364.77900146484376,454.4292016734302,336.69080259903075,44.08123076923077,70.312,-0.11255095828470647,-0.1321960958375423
246,NMDC.NS,217.8300018310547,45.009146979492826,228.1661993408203,265.65552637726285,201.06547124236607,42.08025,73.65016666666666,-0.06960265158816371,-0.0833784661538455
247,NTPC.NS,398.8999938964844,52.91438960857758,356.86,445.1123111712644,355.37768821838404,52.78818181818182,74.16999999999997,-0.0023908341990345012,-0.12246774944226475
248,OLECTRA.NS,1596.4000244140625,45.25644540976845,1668.2590063476562,1846.6590082093703,1509.2209966734422,42.54577777777777,79.88906666666666,-0.0637117893613053,-0.05776425581990739
249,ONGC.NS,264.04998779296875,39.99811006489464,269.44500061035154,345.762301226664,256.89269755263285,46.88333333333333,72.7,0.14685865485471797,-0.027861010875443404
250,PAGEIND.NS,43038.6015625,56.83878592654306,38420.188125,45331.01461422472,37739.27601077528,38.246,66.47106666666667,-0.4861367444057694,-0.14041937503548468
251,PARAS.NS,926.9000244140625,39.43232879257506,932.8080041503906,1521.0508936000438,927.7891210483936,40.449,63.565200000000004,0.025134643808868814,0.0009582960331830389
252,PDSL.NS,476.0,41.87762182592812,525.2920013427735,590.7816347257726,481.64336832598525,43.62906666666667,86.75199999999998,0.040143990567570016,0.011716902374467477
253,PERSISTENT.NS,5670.89990234375,72.98294430400557,4242.138481445312,5921.069803353906,3905.985177114845,46.9755,78.468,-0.5536384775895004,-0.4518488025939102
254,PFC.NS,438.1000061035156,42.55931137069057,449.7619995117187,567.7820288396393,441.97797177071214,43.593,74.16933333333334,0.023712261815186632,0.008774115261129615
255,PFIZER.NS,5303.39990234375,50.25746089219383,4781.81201171875,6479.366024895636,4413.838955573115,32.132266666666666,64.56169230769231,-0.5640807856337711,-0.2015390583400047
256,PGEL.NS,566.0,64.80192335395998,323.0128005981445,725.0302567079552,259.2657454893103,52.327999999999996,76.32066666666667,-0.23837951677801528,-1.1830882399516083
257,PIDILITIND.NS,3178.949951171875,55.13869628376329,2940.7650048828127,3319.9729604536847,3013.96702978069,42.9922,69.002,-0.2825279070101854,-0.05473945791742445
258,PIIND.NS,4327.64990234375,54.590401659659655,3885.81201171875,4985.728661639226,3582.696411602962,44.126,68.10942857142857,-0.23714820422561886,-0.20793095622843533
259,PNCINFRA.NS,311.20001220703125,29.379288992149995,433.1210009765625,544.801612785815,374.3783951487554,43.63,67.68173913043478,0.32662642695049293,0.1687554190102793
260,POLYCAB.NS,6455.39990234375,48.77688612386906,5895.21,7340.067547967259,6246.312481329616,50.76672727272727,80.197,0.039195773605189374,-0.03347373696706677
261,POLYPLEX.NS,1070.25,47.973125645427714,1012.6239990234375,1350.2315503672332,905.5484484120636,33.51733333333333,71.836,-0.43129303182714557,-0.18188044149018304
262,POWERGRID.NS,315.79998779296875,47.06261583275599,295.16800018310545,356.3324180213066,316.9375831993965,49.5365,69.67760000000001,0.04994063301290985,0.0035893357769187268
263,POWERINDIA.NS,13309.4501953125,57.18353250698176,9236.249990234375,15398.399971644172,9907.594950230829,51.5375,73.93333333333334,-0.10955192834308534,-0.34335832885481604
264,PRAJIND.NS,710.8499755859375,52.56225342865102,611.7250024414062,802.753014035866,659.0919871848371,44.632,76.30917647058823,-0.17768088879393756,-0.07852923325949236
265,PRESTIGE.NS,1706.949951171875,51.28141443859001,1478.9650024414063,1967.1741439393782,1655.8208511778093,46.361125,72.69171428571427,-0.1061296385406957,-0.030878400859426784
266,PTC.NS,171.27000427246094,36.59810167230216,204.29400024414062,237.7877968796254,181.09220342555037,39.5286,74.07345454545455,0.07413615275263583,0.05423866388111776
267,RAILTEL.NS,395.6000061035156,42.85929522280509,410.9230010986328,561.8004952544255,386.0445059662776,41.12,74.17899999999999,-0.042298035574053754,-0.024752327748637188
268,RAMASTEEL.NS,11.9399995803833,45.6890604893418,12.8179998588562,16.53129669984725,8.448703128491374,47.379230769230766,75.13166666666666,0.035673231761006244,-0.41323459929824086
269,RATNAMANI.NS,3443.14990234375,47.98116237636555,3367.1049951171876,3800.4033195281036,3396.7616707062716,51.205090909090906,69.35437037037038,0.06296109381875893,-0.013656604770811934
270,RAYMOND.NS,1560.6500244140625,37.46875054581859,1954.3200073242188,2898.4991767023935,1223.1608330632312,47.90555555555556,73.78333333333333,0.21786210156008987,-0.2759156295952005
271,RECLTD.NS,508.0,45.328281391033876,501.68700317382815,647.1123239888401,491.5076955424098,42.86755555555556,77.84799999999998,-0.05740298936078263,-0.03355451930287662
272,REDINGTON.NS,160.47999572753906,30.03593512531846,196.07580017089845,227.47136318607275,168.42263705806786,40.363733333333336,69.42399999999998,0.25586825982436895,0.04715898925030119
273,REDTAPE.NS,863.2999877929688,62.6768940802588,669.6180017089844,885.9740135353902,615.3009925681254,47.864,71.688,-0.309478816652574,-0.4030531369529446
274,RELIANCE.NS,1327.8499755859375,14.893144089995445,2799.517995605469,3838.3624172762584,1813.60759004796,43.26717647058824,65.9384,0.6557865498776106,0.26784052797726593
275,RHIM.NS,566.4500122070312,39.67163594917403,650.7369995117188,671.6980655360769,551.5019466709543,43.471809523809526,69.10688888888889,0.0874169632288745,-0.02710428426646236
276,RTNINDIA.NS,62.849998474121094,34.38682493106417,77.4861996459961,86.71981773028948,68.0861820255699,43.66105263157895,70.28,0.21241420308329811,0.07690523092457063
277,RVNL.NS,419.75,44.523969864905474,359.0209994506836,661.3789651780822,380.6660329908631,48.25066666666667,74.64685714285716,0.07723617224828382,-0.10267258862593354
278,SAIL.NS,111.4800033569336,36.113324763941385,134.21699935913085,160.90427524260275,115.52072399445781,42.22419047619048,68.85171428571428,0.14472428348140645,0.034978318156299586
279,SANDHAR.NS,491.1000061035156,37.96473974106584,539.4790026855469,675.1323639441192,506.7826415490448,40.48707692307692,70.31123076923078,0.062299809561539146,0.03094548660465802
280,SANOFI.NS,6371.60009765625,38.845311926462465,7746.428046875,7286.079110681151,6225.1709869750985,35.616,69.82400000000001,-0.09067025849231988,-0.023522102603691468
281,SBCL.NS,623.4500122070312,53.13077354401325,573.8269970703125,702.5188216933132,512.7611770859837,46.805,75.03750000000001,-0.13515166208766696,-0.21586820544817958
282,SBIN.NS,780.9500122070312,45.83766298491786,758.677998046875,884.0161443389833,762.6188532196105,46.42941176470588,71.44761904761904,0.012745127652852323,-0.024037117506380257
283,SCHNEIDER.NS,730.0999755859375,46.30708780278927,682.0960003662109,909.0843865912647,731.6106085259229,46.9632,76.65723076923078,0.0139707728010598,0.0020648045864576324
284,SCI.NS,202.75,39.68752033890538,228.57980041503907,320.11791340254894,209.78608745194327,42.83905882352941,67.30613333333334,0.07356694033840554,0.03353934256271911
285,SEAMECLTD.NS,1277.75,46.256517424763274,1206.4520043945313,1678.5851091191741,1164.9898908808257,39.94368,71.297,-0.15804346081190498,-0.09679063312207684
286,SHOPERSTOP.NS,660.0499877929688,36.87545029251802,746.855,886.9360850183959,679.3639088780885,46.602666666666664,71.76492307692308,0.20872660450364744,0.028429418802972718
287,SHYAMMETL.NS,797.4500122070312,54.361236836902265,676.4230004882812,964.9987639243335,588.0862458412915,39.43058823529412,73.10666666666667,-0.37865650171162807,-0.35600860901997916
288,SIEMENS.NS,6776.4501953125,50.11778091691265,5843.5769873046875,8029.7859092691715,6379.844120027704,52.11822222222222,75.69733333333332,0.03838276172928672,-0.06216548050755101
289,SIYSIL.NS,533.3499755859375,60.27721193601194,498.90599853515624,536.2887813989955,462.4362124974889,42.785833333333336,67.75399999999999,-0.4088123857821771,-0.15334820494585225
290,SJVN.NS,107.27999877929688,35.521697514352596,123.3638005065918,153.46486396261633,114.05913887551846,47.05742857142857,74.339,0.24514155165886,0.059435308411544124
291,SKFINDIA.NS,5095.10009765625,43.13728979562912,5117.912021484375,6723.834721334004,4571.57538608787,42.23723076923076,73.25472727272728,-0.021309612633365164,-0.11451735284986438
292,SRF.NS,2206.89990234375,36.34978565357186,2420.3850146484374,2598.6126132027184,2260.3023770316568,42.89066666666667,69.20657142857142,0.1525012670921757,0.02362625250079929
293,SUNDARMFIN.NS,4857.0,54.420550833614186,4260.821997070312,5504.948104304909,3839.7468419841534,43.356,73.368,-0.2552022980352012,-0.264927142303525
294,SUNPHARMA.NS,1860.4000244140625,67.471431809748,1557.7470043945314,2038.9884307146476,1442.541586375196,51.24816666666666,74.69057142857142,-0.31656283918607825,-0.28966820921181
295,SUPRAJIT.NS,482.75,46.945115667977966,454.0280029296875,580.3528170143217,468.3021939720064,44.971000000000004,68.35283333333332,-0.0438975265833084,-0.030851459194438925
296,SUPREMEIND.NS,4290.25,34.58294560884367,4832.170986328125,6232.085923577378,4618.364027594497,43.967999999999996,72.69083333333333,0.2134519284742614,0.07104550997583388
297,SURYODAY.NS,136.5,29.37112734225954,180.57040008544922,213.34977000329638,155.03222615148877,26.1,60.60192307692307,-0.12533054951185976,0.11953789616218323
298,SWARAJENG.NS,2860.699951171875,47.72812325012215,2641.524013671875,3393.3105958113088,2721.649389540254,44.762,68.91675000000001,-0.0662643145999319,-0.051090549049416525
299,TATACHEM.NS,1064.75,48.63502444710187,1066.193994140625,1152.7226627947518,1008.4223079083733,44.347,64.73706666666666,-0.09669254847231759,-0.05585724517385892
300,TATACOMM.NS,1777.5999755859375,43.18031026092827,1850.137001953125,2095.6759917229006,1739.9040009528808,44.282000000000004,66.21109090909091,0.024878951697568544,-0.021665548566134705
301,TATACONSUM.NS,973.0499877929688,30.097346721014304,1119.6802966308594,1270.7460348189727,1034.0904581009493,42.8384,72.9815,0.297421315431615,0.05902817285450831
302,TATAELXSI.NS,6990.64990234375,42.22989331311721,7634.22796875,8019.894738807868,6547.425231895258,37.68878260869565,77.0976,-0.12048971577484242,-0.06769449894431155
303,TATAINVEST.NS,6524.39990234375,50.35835593311556,6138.00796875,7303.630654692245,5903.139316010879,48.9985,74.791,-0.02775301148230173,-0.1052424062986024
304,TATAMOTORS.NS,864.2999877929688,37.65804919160257,937.4510021972657,1147.8322932275607,868.6127079931424,45.684,76.968,0.17568406462650876,0.004965066894010612
305,TATAPOWER.NS,422.1000061035156,48.11678150645353,403.5299993896484,477.8044603017451,401.9005384775517,44.428444444444445,76.336,-0.08301747018447078,-0.05025986703695883
306,TATASTEEL.NS,145.86000061035156,41.25088738047137,153.44540069580077,181.81530496445367,140.11169698867133,44.08490909090909,70.850125,0.06428552919534404,-0.04102657911669582
307,TCI.NS,1038.199951171875,55.111372526857004,921.2040014648437,1163.7981818876046,878.8968193330984,45.05233333333334,71.25957142857142,-0.22327454427496168,-0.18125350818729197
308,TCS.NS,4057.550048828125,45.76296731703096,4011.7519970703124,4653.609137045826,3799.7358580713612,43.62133333333333,65.07507692307692,-0.049096022978763386,-0.06785055603513003
309,TECHM.NS,1716.449951171875,73.56020228888367,1390.7010083007813,1750.6652570471454,1370.6947527184795,39.38616666666667,68.1037142857143,-0.8676659475759341,-0.2522481374993696
310,TEJASNET.NS,1259.4000244140625,57.13349993930317,1038.3199975585937,1466.2046906283174,1116.785311813089,48.93142857142857,73.51636363636364,-0.16762378715147208,-0.1277010998375686
311,TEXINFRA.NS,109.61000061035156,41.256213508276424,115.90759979248047,147.61530329527412,112.39769719300713,41.71946666666666,72.07716666666667,0.011104004806474941,0.02480207915531038
312,TIMKEN.NS,3371.199951171875,41.33111953748888,3492.842998046875,4535.010350464235,3331.6946788326404,44.4448,67.21533333333333,0.0700572499485006,-0.011857410761623704
313,TITAGARH.NS,1146.4000244140625,42.90925741021149,1193.2780004882814,1866.5723916592551,1001.1976156649635,50.47885714285714,79.96079999999999,0.14995584609262025,-0.14502872008205916
314,TITAN.NS,3266.550048828125,40.214951096371585,3553.2509912109376,3849.562069933123,3133.3579251840647,44.61485714285714,70.468,0.09861974974831858,-0.04250779094642886
315,TORNTPHARM.NS,3432.85009765625,71.5779752555519,2795.230009765625,3748.5368494986474,2741.103189563853,44.303999999999995,76.60622222222221,-0.6156097701235084,-0.25236076873211893
316,TORNTPOWER.NS,1923.800048828125,67.79856567993356,1399.9239990234375,2043.014481875684,1396.2405230071286,44.319857142857146,73.03155555555556,-0.5297559615636167,-0.3778428695686144
317,TRENT.NS,7361.4501953125,64.50098638575471,4842.663999023437,8526.344894663278,4533.595095571097,51.38218181818182,84.224,-0.25531816873783947,-0.623755549432272
318,TRIVENI.NS,392.20001220703125,45.873833880274844,375.2849993896484,494.06911237645625,360.2858864028407,47.02896,72.96433333333333,0.024562017100211306,-0.08858000551402934
319,TVSMOTOR.NS,2449.800048828125,47.24055911122858,2281.87,2962.5654752752425,2278.5795198419446,49.63,77.00307692307692,0.04814509145217459,-0.07514353898785908
320,ULTRACEMCO.NS,10995.2001953125,49.48372971579465,10440.10400390625,12039.980308302174,10823.879652635327,46.186,68.84875,-0.07140106776500785,-0.01582801621740693
321,UNIONBANK.NS,108.23999786376953,33.01884963433389,134.28399963378905,148.06432711714584,105.51067288285417,43.0985,71.50920000000002,0.2338747373032962,-0.025867762059916588
322,UNOMINDA.NS,933.4000244140625,46.64005823766556,845.8640002441406,1199.1547704006366,919.2652308200663,47.411375,71.387,0.01626860141336201,-0.015376186458598756
323,VBL.NS,611.2000122070312,52.04542279068441,570.590599975586,677.3436448739163,565.7953504874118,55.230666666666664,75.7252857142857,0.05767165359792118,-0.08024926624176916
324,VEDL.NS,455.3999938964844,54.297914031757834,371.36100036621093,507.7605669745201,413.11943485653455,39.764266666666664,76.96533333333332,-0.3654951689898595,-0.10234463806969706
325,VESUVIUS.NS,5362.2001953125,56.236178504147325,4437.252026367188,5667.292232650451,4969.712845474548,46.096000000000004,75.63345454545454,-0.21997957532426504,-0.0789758607874806
326,VMART.NS,4345.7001953125,79.37652105612611,2675.682001953125,4598.261949689722,2616.953089372778,31.194666666666667,71.8904,-1.5445542311546667,-0.6605953744299109
327,VOLTAS.NS,1754.8499755859375,60.761024248171665,1329.7060034179688,1998.5245277433964,1301.6754722566034,36.50661538461539,71.71621052631579,-0.6643839372131323,-0.34814707120792887
328,VTL.NS,427.8500061035156,38.18396318339604,453.5469982910156,552.034191245628,434.0708105854267,43.338,70.068,0.11892650368277176,0.014331312611233105
329,WABAG.NS,1578.4000244140625,62.66072089210392,1002.3080029296875,1711.6222212326516,1040.6077958571923,43.9104,73.03095652173913,-0.42701321081347277,-0.5168058808495358
330,WALCHANNAG.NS,267.20001220703125,46.17566851078485,249.1866000366211,412.70669557168367,221.88630369589444,43.724,68.61784615384616,-0.056071459856940266,-0.20422039466321168
331,WELSPUNLIV.NS,147.49000549316406,40.27310490230862,157.68440063476564,200.36805863950877,139.4239427032647,36.279,72.854,-0.11009412889849812,-0.057852780759946945
332,WESTLIFE.NS,775.5499877929688,40.974223600640414,832.2919958496094,917.8266278544661,770.2833513935807,41.4848,70.312,0.012307553594559591,-0.006837271492185016
333,WIPRO.NS,543.4500122070312,57.37021635793667,492.14499816894534,571.272796124764,481.3971959406656,35.44533333333334,71.22488888888888,-0.6185548551178339,-0.12890149088864644
334,ZENSARTECH.NS,686.0499877929688,47.74795435311005,647.5969982910157,825.5475638672151,659.5674263671599,31.025764705882352,74.70127272727272,-0.538977517742125,-0.04015140888881142
335,ZYDUSLIFE.NS,990.5999755859375,42.66608776182653,964.1210070800781,1274.9389268456998,973.6110792578156,33.0912,76.42652631578947,-0.2893484600687352,-0.01744936627166623
